{"cameraMode":{"drawMode":0,"name":"Shaded","section":"Shading Mode"},"sceneLighting":false,"audioPlay":false,"sceneViewState":{"m_AlwaysRefresh":false,"showFog":true,"showSkybox":true,"showFlares":true,"showImageEffects":true,"showParticleSystems":true,"showVisualEffectGraphs":true,"m_FxEnabled":true},"in2DMode":false,"pivot":{"x":1.3519926071166993,"y":-5.985054969787598,"z":2.8401999473571779},"rotation":{"x":-0.6574771404266357,"y":-0.023930279538035394,"z":0.020899644121527673,"w":-0.7528164982795715},"size":10.18691635131836,"orthographic":false}