{"cameraMode":{"drawMode":0,"name":"Shaded","section":"Shading Mode"},"sceneLighting":false,"audioPlay":false,"sceneViewState":{"m_AlwaysRefresh":false,"showFog":true,"showSkybox":true,"showFlares":true,"showImageEffects":true,"showParticleSystems":true,"showVisualEffectGraphs":true,"m_FxEnabled":true},"in2DMode":false,"pivot":{"x":-2.2227768898010256,"y":-2.3873510360717775,"z":1.6779552698135377},"rotation":{"x":0.3919731080532074,"y":-0.022366978228092195,"z":0.009531127288937569,"w":0.9196619391441345},"size":2.417372226715088,"orthographic":false}