{"cameraMode":{"drawMode":0,"name":"Shaded","section":"Shading Mode"},"sceneLighting":false,"audioPlay":false,"sceneViewState":{"showFog":true,"showMaterialUpdate":false,"showSkybox":true,"showFlares":true,"showImageEffects":true,"showParticleSystems":true},"in2DMode":false,"pivot":{"x":0.2373601794242859,"y":-2.7616021633148195,"z":-0.23701111972332},"rotation":{"x":0.06385436654090882,"y":0.0029938984662294389,"z":-0.0001914933236548677,"w":0.9979556798934937},"size":4.22943639755249,"orthographic":false}